codigo_partido,partido,lista_interna,agrupacion
2,PARTIDO JUSTICIALISTA,,2
3,UNION CIVICA RADICAL,,3
8,PARTIDO FEDERAL,,8
14,PARTIDO OBRERO,,14
22,PARTIDO HUMANISTA,,22
23,UNION POPULAR,,23
38,MOVIMIENTO SOCIALISTA DE LOS TRABAJADORES (MST),,38
40,MOVIMIENTO LIBRES DEL SUR,,40
47,COALICION CIVICA - AFIRMACION PARA UNA REPUBLICA IGUALITARIA (ARI),,47
50,PARTIDO SOCIALISTA,,50
54,PARTIDO DE LA VICTORIA,,54
60,MOVIMIENTO INDEPENDIENTE JUSTICIA Y DIGNIDAD,,60
61,IZQUIERDA POR UNA OPCION SOCIALISTA,,61
63,ES POSIBLE,,63
64,PRO PROPUESTA REPUBLICANA,,64
68,NUEVA IZQUIERDA,,68
69,GEN,,69
150,DEMOCRATA INDEPENDIENTE,,150
151,PARTIDO INDEPENDIENTE DEL CHUBUT,,151
152,MOVIMIENTO POLO SOCIAL LA TERCERA POSICION DE LA GENTE,,152
153,MOVIMIENTO POPULAR NEUQUINO,,153
154,PARTIDO PROVINCIAL RIONEGRINO,,154
155,PARTIDO RENOVADOR DE SALTA,,155
156,CRUZADA RENOVADORA,,156
157,PARTIDO DE ACCION CHUBUTENSE,,157
158,MOVIMIENTO POPULAR FUEGUINO,,158
164,MOVIMIENTO DE INTEGRACION LATINOAMERICANA EXP.SOC,,164
166,UNION DE LOS NEUQUINOS,,166
168,PARTIDO DIGNIDAD CIUDADANA,,168
174,PARTIDO POPULAR,,174
179,PARTIDO CIUDADANOS A GOBERNAR,,179
180,SANTAFESINO CIEN POR CIENTO,,180
181,FUERZA REPUBLICANA,,181
182,PROYECTO SUR,,182
183,PARTIDO MOVIMIENTO AL SOCIALISMO,,183
184,PUEBLO NUEVO,,184
185,VOS CAMBIO Y ACCION,,185
186,LABORISTA DE LA INDEPENDENCIA,,186
187,AUTODETERMINACION Y LIBERTAD,,187
188,CAMBIO POPULAR TUCUMANO,,188
190,PARTIDO DE LOS TRABAJADORES SOCIALISTAS,,190
191,VECINALISMO INDEPENDIENTE,,191
199,ESPACIO DEMOCRATICO PARA LA VICTORIA,,199
200,MEMORIA Y MOVILIZACION SOCIAL,,200
201,MOVIMIENTO SOLIDARIO POPULAR,,201
203,SALTA SOMOS TODOS,,203
208,PARTIDO POR UN PUEBLO UNIDO,,208
216,FRENTE PLURAL,,216
217,ENCUENTRO VECINAL CORDOBA,,217
234,MOVIMIENTO AL SOCIALISMO,,234
262,EL MOVIMIENTO,,262
272,GENTE EN ACCION,,272
276,MOVIMIENTO AVANZADA SOCIALISTA,,276
324,PARTIDO FE,,324
325,MOVIMIENTO UNIDAD DEL TRABAJO Y LA PRODUCCION,,325
330,ACCION COMUNAL DEL PARTIDO DE TIGRE,,330
331,ACCION MARPLATENSE,,331
332,ACCION POR VILLARINO,,332
333,AGRUPACION ATLANTICA,,333
335,PRIMERO TRES LOMAS,,335
336,AGRUPACION RENOVACION SAN ISIDRO A.R.S.I,,336
337,AGRUPACION VECINAL JOSE HERNANDEZ-VECINOS,,337
338,AGRUPACION VECINAL UNION POR MORON,,338
339,COMPROMISO CON VOS (C.C.V),,339
340,COMPROMISO PRINGLES,,340
341,CON VOCACION POR SAN ISIDRO,,341
342,CONCORDANCIA APERTURISTA SALTENSE,,342
343,CONSTRUCCION SOCIAL PARTICIPATIVA,,343
344,CORRIENTE DE UNIDAD SOCIAL Y POLITICA 6 DE DICIEMBRE,,344
345,CRECER,,345
346,DEFENSA COMUNAL DE GENERAL PAZ,,346
347,ESPACIO UNION PRO,,347
348,FRENTE CIUDAD NUEVA,,348
349,FRENTE SOCIAL DE LA PROVINCIA DE BUENOS AIRES,,349
350,INTEGRACION CIUDADANA,,350
351,INTEGRACION VECINALISTA ROSALEÑA,,351
352,JUNTOS POR DORREGO,,352
353,JUNTOS POR QUILMES,,353
354,JUNTOS POR TIGRE,,354
355,MAREA POPULAR,,355
356,MERCEDES INDEPENDIENTE COMUNAL,,356
357,MODELO VECINAL TENAZ,,357
358,MOVIMIENTO UNION DEL PARTIDO DE PINAMAR,,358
359,MOVIMIENTO VECINAL DEL PARTIDO DE TRES ARROYOS,,359
360,NUEVA ALTERNATIVA CARMEÑA,,360
361,NUEVO ENCUENTRO,,361
362,NUEVO SIGLO DE 25 DE MAYO,,362
363,NUEVO ZARATE,,363
364,PARTIDO LEALTAD Y DIGNIDAD DE LA PROVINCIA DE BUENOS AIRES,,364
365,PROPUESTA PINAMAR PROPIN,,365
366,RIVADAVIA PRIMERO,,366
367,SAN FERNANDO PUEDE,,367
368,TODOS VECINOS,,368
369,UNA NUEVA OPORTUNIDAD SUARENSE,,369
370,UNIDAD POR CHASCOMUS,,370
372,UNIDOS POR BAHIA (UPB),,372
373,UNIDOS POR SAN MARTIN,,373
374,UNION VECINAL CONSERVADORA DE LOBOS,,374
375,UNION VECINAL DE GONZALES CHAVES,,375
377,UNION VECINAL DEL PARTIDO DE TRENQUE LAUQUEN,,377
378,UNION VECINALISTA UNIDAD   PARA TODOS,,378
379,VECINOS INDEPENDIENTES VICENTE LOPEZ  (VIVILO),,379
380,VECINOS UNIDOS POR MORENO,,380
381,VIENTOS DEL SUR (VI-SUR),,381
501,FRENTE PARA LA VICTORIA,,501
502,UNEN,,502
503,UNION PRO,,503
504,COMPROMISO FEDERAL,,504
505,FRENTE DE IZQUIERDA Y DE LOS TRABAJADORES,,505
506,CAMINO POPULAR,,506
507,UNIDOS POR LA LIBERTAD Y EL TRABAJO,,507
508,FRENTE CIVICO Y SOCIAL 2013,,508
509,FRENTE TERCERA POSICION (F3P) UNIDAD CATAMARQUEÑA,,509
510,FRENTE RENOVADOR,,510
511,FRENTE POPULAR DEMOCRATICO Y SOCIAL (PODEMOS),,511
512,UNION POR CORDOBA,,512
513,UNION CON FE,,513
514,FRENTE PROGRESISTA CIVICO Y SOCIAL,,514
515,ALIANZA CORRENTINA PANU-PA,,515
516,CAMBIO POPULAR,,516
517,ENCUENTRO POR CORRIENTES,,517
518,FRENTE CIVICO PRO CHACO,,518
519,UNION POR CHACO,,519
520,ALIANZA REPUBLICANA,,520
521,FRENTE AMPLIO FORMOSEÑO,,521
522,FRENTE JUJEÑO,,522
523,FRENTE UNION PRO,,523
524,FRENTE PRIMERO JUJUY,,524
525,FRENTE PAMPEANO CIVICO Y SOCIAL - FREPAM,,525
526,FRENTE PROPUESTA FEDERAL,,526
527,UNION PD-PRO,,527
528,FRENTE AMPLIO PROGRESISTA-COALICION CIVICA-ARI,,528
529,FRENTE RENOVADOR DE LA CONCORDIA,,529
531,FRENTE UNIDOS,,531
532,COMPROMISO CIVICO NEUQUINO,,532
533,FRENTE PROGRESISTA SUR,,533
534,ALIANZA FRENTE PROGRESISTA,,534
535,FRENTE POPULAR SALTEÑO,,535
536,UNION POR LA REPUBLICA - FRENTE POR LA JUSTICIA,,536
537,FRENTE DEL PUEBLO,,537
538,UNION PARA VIVIR MEJOR,,538
539,"UNITE! CON FE POR LA CULTURA, EDUCACION Y TRABAJO",,539
540,FRENTE POPULAR,,540
541,FRENTE CIVICO POR SANTIAGO,,541
542,ALTERNATIVA POPULAR,,542
543,FRENTE ACUERDO CIVICO Y SOCIAL,,543
544,UNION FEDERAL,,544
545,ALIANZA UNION POR ENTRE RIOS,,545
546,ALIANZA FRENTE AMPLIO PROGRESISTA,,546
547,UNION PRO SANTA FE FEDERAL,,547
548,FUERZA CIVICA RIOJANA,,548
549,FRENTE NUEVO PACTO FEDERAL,,549
550,FRENTE POR LA LIBERTAD,,550
3001,EL MOVIMIENTO,LISTA A - SEGURIDAD Y JUSTICIA PARA TODOS,262
3002,EL MOVIMIENTO,LISTA B - REAFIRMACION,262
3003,EL MOVIMIENTO,LISTA C - RECUPERACION DEMOCRATICA,262
3004,EL MOVIMIENTO,LISTA D - RENOVACION,262
3005,UNEN,LISTA JUNTOS,502
3006,UNEN,LISTA SUMA MAS,502
3007,UNEN,LISTA COALICION SUR,502
3008,UNEN,LISTA PRESIDENTE ILLIA,502
3009,COMPROMISO FEDERAL,SIGLO 21 LETRA -A,504
3010,COMPROMISO FEDERAL,LISTA -A- UNO DE NOSOTROS,504
3011,COMPROMISO FEDERAL,LISTA B - ACUERDO PATRIOTICO,504
3012,COMPROMISO FEDERAL,LISTA C - UPAU UNION PARA UNA ARGENTINA UNIDA,504
3013,COMPROMISO FEDERAL,LISTA D - TODOS UNIDOS,504
3014,COMPROMISO FEDERAL,LISTA E - UNIDOS ES MEJOR,504
3015,COMPROMISO FEDERAL,LISTA F - REFUNDACION DEMOCRATA CRISTIANA,504
3016,COMPROMISO FEDERAL,ES POSIBLE - E,504
3017,COMPROMISO FEDERAL,ES POSIBLE BUENOS AIRES - P,504
3018,COMPROMISO FEDERAL,JUSTICIA Y DIGNIDAD - M,504
3019,COMPROMISO FEDERAL,UNIR - U,504
3020,UNION CIVICA RADICAL,IDENTIDAD RADICAL - LETRA I,3
3021,UNION CIVICA RADICAL,INTEGRACION PARA UNA CONFLUENCIA RADICAL - LETRA A,3
3022,UNION CIVICA RADICAL,CAMBIO RADICAL - LETRA C,3
3023,ENCUENTRO VECINAL CORDOBA,DEMOCRACIA EN LIBERTAD - LETRA B,217
3024,ENCUENTRO VECINAL CORDOBA,GENTE NUEVA - LETRA A,217
3025,ENCUENTRO VECINAL CORDOBA,REFUNDACION POPULAR - LETRA R,217
3026,UNION POR CORDOBA,MOVIMIENTO DE UNIDAD PERONISTA - LETRA S,512
3027,UNION POR CORDOBA,FRENTE RENOVADOR - LETRA M,512
3030,FRENTE PARA LA VICTORIA,LISTA 2 CELESTE Y BLANCA LETRA K,501
3031,FRENTE PARA LA VICTORIA,LISTA  PRIMERO MI PROVINCIA - CORRIENTES CRECE  N. 1,501
3032,FRENTE PARA LA VICTORIA,LISTA AZUL Y BLANCA 11 DE MARZO,501
3033,ENCUENTRO POR CORRIENTES,LISTA VERDE,517
3034,ENCUENTRO POR CORRIENTES,LISTA B  NUEVA GENERACION,517
3035,ENCUENTRO POR CORRIENTES,LISTA ELI,517
3036,ENCUENTRO POR CORRIENTES,LISTA  UNIDOS POR EL CAMBIO  LETRA  D,517
3037,ENCUENTRO POR CORRIENTES,LISTA FRENTE AMPLIO PROGRESISTA LETRA  E,517
3038,ENCUENTRO POR CORRIENTES,LISTA  COALICION POR LA REPUBLICA  F,517
3039,UNION CIVICA RADICAL,CAMBIO RADICAL CHUBUTENSE A,3
3040,UNION CIVICA RADICAL,COMPROMISO CHUBUTENSE B,3
3041,UNION CIVICA RADICAL,FRENTE CHUBUT PRODUCTIVO C,3
3042,UNION CIVICA RADICAL,FRENTE RADICAL AMAYA CHUBUT D,3
3043,FRENTE PARA LA VICTORIA,LISTA K NESTOR KIRCHNER,501
3044,FRENTE PARA LA VICTORIA,LISTA A MUCHOS,501
3045,FRENTE PARA LA VICTORIA,LISTA B 15 DE ABRIL,501
3046,PARTIDO JUSTICIALISTA,A- UNIDAD PERONISTA,2
3047,PARTIDO JUSTICIALISTA,B- COMPROMISO PERONISTA,2
3048,PARTIDO JUSTICIALISTA,C- PAMPEANOS Y PERONISTAS,2
3049,PARTIDO JUSTICIALISTA,J- JTP,2
3050,PARTIDO JUSTICIALISTA,K- NEP,2
3051,PARTIDO JUSTICIALISTA,M- FRENTE RENOVADOR,2
3052,PARTIDO JUSTICIALISTA,O- GENERACION PARA EL CAMBIO,2
3053,PARTIDO JUSTICIALISTA,P- 4 DE JUNIO,2
3054,FRENTE PAMPEANO CIVICO Y SOCIAL - FREPAM,A- ADELANTE,525
3055,FRENTE PAMPEANO CIVICO Y SOCIAL - FREPAM,B- POR MAS!!!,525
3056,FRENTE PAMPEANO CIVICO Y SOCIAL - FREPAM,C- SI AL CAMBIO,525
3057,FRENTE PAMPEANO CIVICO Y SOCIAL - FREPAM,D- LA GLORIOSA LISTA TRES,525
3058,FRENTE PAMPEANO CIVICO Y SOCIAL - FREPAM,T- JUNTOS POR LA PAMPA,525
3059,UNION CIVICA RADICAL,LISTA A  PARTICIPACION Y PROPUESTA,3
3060,UNION CIVICA RADICAL,LISTA B  ALTERNATIVA Y DIGNIDAD PARTIDARIA,3
3061,FRENTE AMPLIO PROGRESISTA-COALICION CIVICA-ARI,LISTA  A  COALICION CIVICA ARI,528
3062,FRENTE AMPLIO PROGRESISTA-COALICION CIVICA-ARI,LISTA  B  FRENTE AMPLIO PROGRESISTA,528
3063,UNION CIVICA RADICAL,POR MISIONES,3
3064,UNION CIVICA RADICAL,ALTERNATIVA RADICAL,3
3066,FRENTE PARA LA VICTORIA,LISTA LA FUERZA DE LA JUVENTUD,501
3067,FRENTE PARA LA VICTORIA,LISTA CELESTE Y BLANCA LETRA K,501
3069,FRENTE UNIDOS,LISTA UNIDOS POR LA JUSTICIA Y A DIGNIDAD,531
3070,FRENTE UNIDOS,LISTA CAMIONEROS CON LA GENTE,531
3071,FRENTE UNIDOS,LISTA CULTURA DE TRABAJO,531
3072,MOVIMIENTO POPULAR NEUQUINO,LETRA A LISTA AZUL,153
3073,MOVIMIENTO POPULAR NEUQUINO,LETRA B LISTA AZUL Y BLANCA,153
3074,FRENTE PARA LA VICTORIA,LISTA 2 COLOR CELESTE Y BLANCA K,501
3075,FRENTE PARA LA VICTORIA,AMARILLO LETRA E,501
3076,COMPROMISO CIVICO NEUQUINO,ELEGI CORAJE Y TRANSPARENCIA,532
3077,COMPROMISO CIVICO NEUQUINO,COMPROMISO CON NEUQUEN,532
3078,UNION CIVICA RADICAL,LISTA ROJO MAS ROJO A,3
3079,UNION CIVICA RADICAL,LISTA ROJA Y BLANCA B,3
3080,UNION CIVICA RADICAL,LISTA BLANCA MAS BLANCA C,3
3081,PARTIDO PROVINCIAL RIONEGRINO,RECUPERACION FEDERAL LISTA NARANJA 151 A,154
3082,PARTIDO PROVINCIAL RIONEGRINO,LISTA 151 B,154
3084,PARTIDO JUSTICIALISTA,LISTA:  EL CAMBIO SOMOS NOSOTROS  - LETRA:  B,2
3085,PARTIDO JUSTICIALISTA,LISTA:  LEALTAD 17 DE OCTUBRE - LETRA:  C,2
3086,FRENTE PARA LA VICTORIA,LISTA:  CELESTE Y BLANCA  - LETRA  A,501
3087,FRENTE PARA LA VICTORIA,LISTA:  NACIONAL Y POPULAR  - LETRA:  B,501
3088,FRENTE DEL PUEBLO,LISTA IZQUIERDA ROJA Y VERDE,537
3089,FRENTE DEL PUEBLO,LISTA DEL TRABAJO Y DEL PUEBLO,537
3090,COMPROMISO FEDERAL,LISTA ACTUAR UNIDOS POR SAN JUAN,504
3091,COMPROMISO FEDERAL,LISTA SEGURIDAD Y JUSTICIA,504
3092,COMPROMISO FEDERAL,LISTA UNIDAD,504
3093,COMPROMISO FEDERAL,LISTA AZUL Y BLANCA,504
3094,COMPROMISO FEDERAL,LISTA UNIDOS POR ARGENTINA,504
3096,PARTIDO JUSTICIALISTA,FUERZA SANTA CRUZ,2
3097,PARTIDO JUSTICIALISTA,EVA PERON,2
3098,PARTIDO JUSTICIALISTA,LEALTAD Y MILITANCIA,2
3099,UNION PARA VIVIR MEJOR,LISTA  JUNTOS POR EL CAMBIO,538
3100,UNION PARA VIVIR MEJOR,LISTA  PROYECTO ALTERNATIVO,538
3101,FRENTE PARA LA VICTORIA,LISTA N.1 CELESTE Y BLANCA K,501
3102,FRENTE PARA LA VICTORIA,LISTA N.2 AMARILLA MUP,501
3103,FRENTE ACUERDO CIVICO Y SOCIAL,LISTA A: SOCIAL CRISTIANA,543
3104,FRENTE ACUERDO CIVICO Y SOCIAL,LISTA B:UNIDAD POR LA REPUBLICA,543
3105,FRENTE ACUERDO CIVICO Y SOCIAL,LISTA C: BOINA BLANCA,543
3106,FRENTE ACUERDO CIVICO Y SOCIAL,LISTA D: TUCUMAN PARA TODOS,543
3107,FRENTE ACUERDO CIVICO Y SOCIAL,LISTA E: MARIO ABEL AMAYA,543
3108,FRENTE ACUERDO CIVICO Y SOCIAL,LISTA F: ARTURO ILLIA,543
3109,FRENTE ACUERDO CIVICO Y SOCIAL,LISTA G: FORO AMPLIO PROGRESISTA (FAP),543
3110,PARTIDO JUSTICIALISTA,LISTA  UNIDOS POR EL PROGRESO Y EL DESARROLLO  - LETRA  A,2
3111,PARTIDO JUSTICIALISTA,LISTA  UNIDAD PERONISTA  - LETRA  B,2
3112,PARTIDO JUSTICIALISTA,LISTA  DESCAMISADOS  - LETRA  C,2
3113,UNION CIVICA RADICAL,LISTA  FUERZA Y COMPROMISO RADICAL  - LETRA  A,3
3114,UNION CIVICA RADICAL,LISTA  ANA CACHIN PRESENTE  - LETRA  B,3
3115,UNION CIVICA RADICAL,LISTA  VALORES Y FUTURO  - LETRA  C,3
3116,FRENTE CIVICO Y SOCIAL 2013,LIBERTAD PAZ Y COMPROMISO POR CATAMARCA,508
3117,FRENTE CIVICO Y SOCIAL 2013,ALTERNATIVA PROGRESISTA,508
3118,FRENTE PARA LA VICTORIA,LISTA K - 17 DE OCTUBRE,501
3119,FRENTE PARA LA VICTORIA,LISTA B - JUAN DOMINGO CHACO,501
3120,FRENTE PARA LA VICTORIA,LISTA H - MODELO ARGENTINO,501
3121,FRENTE PARA LA VICTORIA,LISTA V - RAZON DE VIDA EVITA,501
3122,FRENTE PARA LA VICTORIA,LISTA C - UNIDAD Y LEALTAD,501
3123,UNION POR CHACO,LISTA A - UNIDAD,519
3124,UNION POR CHACO,LISTA B - SOMOS PARTE,519
3125,ALIANZA FRENTE AMPLIO PROGRESISTA,LISTA A - UNIDAD PROGRESISTA,546
3126,ALIANZA FRENTE AMPLIO PROGRESISTA,LISTA B - NO A LA RE-RE-ELECCION,546
3127,ALIANZA FRENTE AMPLIO PROGRESISTA,LISTA C - PASO AL FRENTE,546
3128,FRENTE PARA LA VICTORIA,FRENTE JUSTICIALISTA PARA LA VICTORIA,501
3129,FRENTE PARA LA VICTORIA,BASTA,501
3130,FRENTE AMPLIO FORMOSEÑO,UNIDAD FORMOSEÑA,521
3131,FRENTE AMPLIO FORMOSEÑO,NUEVA INICIATIVA,521
3132,"UNITE! CON FE POR LA CULTURA, EDUCACION Y TRABAJO",JOVENES EN MARCHA,539
3133,"UNITE! CON FE POR LA CULTURA, EDUCACION Y TRABAJO",UNIDOS PARA CAMBIAR,539
3134,"UNITE! CON FE POR LA CULTURA, EDUCACION Y TRABAJO",UNION POR LA LIBERTAD Y EL TRABAJO,539
3135,FRENTE PROGRESISTA CIVICO Y SOCIAL,CAUCE,514
3136,FRENTE PROGRESISTA CIVICO Y SOCIAL,SANTA FE AVANZA,514
3137,UNION PD-PRO,COMPROMISO POR EL FUTURO,527
3138,UNION PD-PRO,ES AHORA,527
3139,UNION PD-PRO,IDENTIDAD Y COMPROMISO,527
3140,COMPROMISO FEDERAL,SAN LUIS UNIDAD,504
3141,COMPROMISO FEDERAL,LLAMANDO A LAS BASES,504
3142,FRENTE PROGRESISTA CIVICO Y SOCIAL,RENOVACION Y UNIDAD,514
3143,FRENTE PROGRESISTA CIVICO Y SOCIAL,GEN T DEL SOCIALISMO,514
3144,FRENTE PROGRESISTA CIVICO Y SOCIAL,COMPROMISO REPUBLICANO,514
3145,FRENTE PROGRESISTA CIVICO Y SOCIAL,UNEN SAN LUIS,514
3283,DEMOCRATA INDEPENDIENTE,LISTA AZUL,150
3286,FRENTE PARA LA VICTORIA,CELESTE Y BLANCA K,501
3307,FRENTE RENOVADOR,CORRIENTE RENOVADORA - LISTA 1,510
3308,FRENTE RENOVADOR,CONCERTACION PLURAL - LISTA 2,510
3309,FRENTE RENOVADOR,LINEA POPULAR - LISTA 3,510
3310,FRENTE PROGRESISTA CIVICO Y SOCIAL,UNIDAD PROGRESISTA - A,514
3311,FRENTE PROGRESISTA CIVICO Y SOCIAL,GENTE EN QUIEN CONFIAR - D,514
3312,FRENTE PROGRESISTA CIVICO Y SOCIAL,ACUERDO BASES - LISTA JA,514
3314,FRENTE PROGRESISTA CIVICO Y SOCIAL,27 - JJ,514
3315,FRENTE PROGRESISTA CIVICO Y SOCIAL,PROYECTO HERENSE - ML,514
3316,FRENTE PROGRESISTA CIVICO Y SOCIAL,PROGRESISMO BROWN-X,514
3317,FRENTE PROGRESISTA CIVICO Y SOCIAL,SOCIALISMO Y PARTICIPACION - GG,514
3318,FRENTE PROGRESISTA CIVICO Y SOCIAL,TODOS POR ALMIRANTE BROWN - NP,514
3319,FRENTE PROGRESISTA CIVICO Y SOCIAL,RENOVACION Y CAMBIO PROGRESISTA - MS,514
3320,FRENTE PROGRESISTA CIVICO Y SOCIAL,RENOVACION PROGRESISTA - PA,514
3321,FRENTE PROGRESISTA CIVICO Y SOCIAL,ROJO Y BLANCO - GC,514
3322,FRENTE PROGRESISTA CIVICO Y SOCIAL,ACUERDO CIVICO - MB,514
3323,FRENTE PARA LA VICTORIA,LISTA 2 - CELESTE Y BLANCA K,501
3324,FRENTE PARA LA VICTORIA,LISTA 4 - CELESTE Y BLANCA K,501
3325,FRENTE PROGRESISTA CIVICO Y SOCIAL,MAS ADOLFO ALSINA - MD,514
3326,FRENTE PROGRESISTA CIVICO Y SOCIAL,PROGRESISMO Y HONESTIDAD - S,514
3327,FRENTE PROGRESISTA CIVICO Y SOCIAL,TRANSPARENCIA SOLIDARIDAD Y PARTICIPACION - B,514
3328,FRENTE PROGRESISTA CIVICO Y SOCIAL,UNIDAD PROGRESISTA PARA EL CAMBIO - JW,514
3329,FRENTE PROGRESISTA CIVICO Y SOCIAL,UNION PROGRESISTA - J,514
3330,FRENTE PROGRESISTA CIVICO Y SOCIAL,INTEGRACION PROGRESISTA LA PLATA - GU,514
3331,FRENTE PROGRESISTA CIVICO Y SOCIAL,RENOVACION - MK,514
3332,FRENTE CIUDAD NUEVA,PATRIA GRANDE,348
3333,FRENTE CIUDAD NUEVA,UNION DEL PUEBLO,348
3334,UNIDOS POR LA LIBERTAD Y EL TRABAJO,LISTA CELESTE,507
3335,UNION CON FE,UNION CON FE,513
3336,FRENTE PROGRESISTA CIVICO Y SOCIAL,HONESTIDAD Y COMPROMISO SOCIAL - C,514
3337,COMPROMISO FEDERAL,UNIDAD ES POSIBLE,504
3338,FRENTE PROGRESISTA CIVICO Y SOCIAL,SOLO HAY HAY CAMBIO SI QUERES - JQ,514
3339,FRENTE PROGRESISTA CIVICO Y SOCIAL,SAN MARTIN HONESTIDAD Y TRABAJO - GL,514
3340,FRENTE PROGRESISTA CIVICO Y SOCIAL,RESISTENCIA MILITANTE - MY,514
3341,FRENTE SOCIAL DE LA PROVINCIA DE BUENOS AIRES,LINEA AZUL - 9,349
3342,FRENTE SOCIAL DE LA PROVINCIA DE BUENOS AIRES,LINEA BLANCA Y CELESTE - 4,349
3343,FRENTE SOCIAL DE LA PROVINCIA DE BUENOS AIRES,LINEA BLANCA Y AZUL - 8,349
3344,UNION CON FE,UNION CON FE - 01 - A,513
3345,UNION CON FE,UCF01SMI 02 - B,513
3346,FRENTE PROGRESISTA CIVICO Y SOCIAL,PARTICIPACION Y TRANSPARENCIA - H,514
3347,FRENTE RENOVADOR,RENOVACION PROVINCIAL LISTA - 4,510
3348,UNIDOS POR LA LIBERTAD Y EL TRABAJO,LISTA BLANCA,507
3349,FRENTE PROGRESISTA CIVICO Y SOCIAL,INTEGRACION SOCIAL - NR,514
3350,FRENTE PROGRESISTA CIVICO Y SOCIAL,UNION PROGRESISTA DE MERLO - HM,514
3351,FRENTE PROGRESISTA CIVICO Y SOCIAL,FUTURO PARA MORENO - JS,514
3352,FRENTE PROGRESISTA CIVICO Y SOCIAL,UNION PROGRESISTA MORENO - W,514
3353,FRENTE PROGRESISTA CIVICO Y SOCIAL,COALICION CIVICA - F,514
3354,FRENTE PROGRESISTA CIVICO Y SOCIAL,FRENTE AMPLIO POR  MORON - G,514
3355,FRENTE PROGRESISTA CIVICO Y SOCIAL,PARTICIPACION E IGUALDAD - GO,514
3356,FRENTE PROGRESISTA CIVICO Y SOCIAL,UNIDOS POR SAN ISIDRO - JG,514
3357,FRENTE PROGRESISTA CIVICO Y SOCIAL,ACCION POR TIGRE - HQ,514
3358,FRENTE PROGRESISTA CIVICO Y SOCIAL,PROGRESISTAS 3 DE FEBRERO - MZ,514
3359,FRENTE PROGRESISTA CIVICO Y SOCIAL,U. PROGRESISTA 3 DE FEBRERO - NM,514
3360,FRENTE PROGRESISTA CIVICO Y SOCIAL,D I X TRES DE FEBRERO - NZ,514
3361,FRENTE PROGRESISTA CIVICO Y SOCIAL,EL ATENEO - MR,514
3362,FRENTE PROGRESISTA CIVICO Y SOCIAL,SOCIALISTA 3 DE FEBRERO - I,514
3363,FRENTE PROGRESISTA CIVICO Y SOCIAL,1983 - L,514
3364,FRENTE PROGRESISTA CIVICO Y SOCIAL,CREER VICENTE LOPEZ - AI,514
3365,FRENTE PROGRESISTA CIVICO Y SOCIAL,LINEA MORADA - HC,514
3366,FRENTE PROGRESISTA CIVICO Y SOCIAL,VAMOS CON LUIS - MP,514
3367,FRENTE PROGRESISTA CIVICO Y SOCIAL,INTEGRACION POR ITUZAINGO - MQ,514
3368,FRENTE PROGRESISTA CIVICO Y SOCIAL,EL PRESENTE DEL FUTURO - M,514
3369,FRENTE PROGRESISTA CIVICO Y SOCIAL,UNION PROGRESISTA ARRECIFES - HR,514
3370,FRENTE PROGRESISTA CIVICO Y SOCIAL,UNION PROGRESISTA C. SARMIENTO - HR,514
3371,FRENTE PROGRESISTA CIVICO Y SOCIAL,UNION PROGRESISTA CARMEN DE ARECO - NH,514
3372,FRENTE PROGRESISTA CIVICO Y SOCIAL,FIDELIDAD IDEOLOGICA - GS,514
3373,FRENTE PROGRESISTA CIVICO Y SOCIAL,UN FUTURO PARA COLON - JB,514
3374,FRENTE PROGRESISTA CIVICO Y SOCIAL,RECONSTRUCCION - JV,514
3375,FRENTE PROGRESISTA CIVICO Y SOCIAL,FE-FUTURO EXALTACION - R,514
3376,FRENTE PROGRESISTA CIVICO Y SOCIAL,UNION PROGRESISTA EXALTACION - GW,514
3377,FRENTE PROGRESISTA CIVICO Y SOCIAL,PRIMERO RAMALLO - GH,514
3378,FRENTE PROGRESISTA CIVICO Y SOCIAL,ROJAS 2015 - JI,514
3379,FRENTE PROGRESISTA CIVICO Y SOCIAL,SIEMPRE - HS,514
3380,FRENTE PROGRESISTA CIVICO Y SOCIAL,FRENTE DE UNIDAD DE S. A. DE GILES - JR,514
3381,FRENTE PROGRESISTA CIVICO Y SOCIAL,FRENTE POR SAN NICOLAS - JK,514
3382,FRENTE PROGRESISTA CIVICO Y SOCIAL,INTEGRACION FEDERAL - HI,514
3383,FRENTE PROGRESISTA CIVICO Y SOCIAL,FRENTE DE TODOS - NW,514
3384,FRENTE PROGRESISTA CIVICO Y SOCIAL,EL CAMBIO ES HOY - HH,514
3385,FRENTE PROGRESISTA CIVICO Y SOCIAL,U. PROGRESISTA ZARATE - HX,514
3386,FRENTE PROGRESISTA CIVICO Y SOCIAL,FRENTE PROGRESISTA AVELLANEDA - NG,514
3387,FRENTE PROGRESISTA CIVICO Y SOCIAL,UNIDOS POR MAS BERAZATEGUI - HL,514
3388,FRENTE PROGRESISTA CIVICO Y SOCIAL,TODOS POR BERAZATEGUI - NH,514
3389,FRENTE PROGRESISTA CIVICO Y SOCIAL,UNION PARA LA GENTE - LC,514
3390,FRENTE PROGRESISTA CIVICO Y SOCIAL,BRANDSEN PROGRESISTA - HA,514
3391,FRENTE PROGRESISTA CIVICO Y SOCIAL,PROGRESISMO BS AS ENSENADA - NI,514
3392,FRENTE PROGRESISTA CIVICO Y SOCIAL,TODOS POR ECHEVARRIA - Q,514
3393,FRENTE PROGRESISTA CIVICO Y SOCIAL,TODOS POR VARELA - Z,514
3394,FRENTE PROGRESISTA CIVICO Y SOCIAL,CONSULTA Y ACCION - MN,514
3395,FRENTE PROGRESISTA CIVICO Y SOCIAL,ENCUENTRO PROGRESISTA EN F VARELA - JO,514
3396,FRENTE PROGRESISTA CIVICO Y SOCIAL,CAMBIO PROGRESISTA - NX,514
3397,FRENTE PROGRESISTA CIVICO Y SOCIAL,PROYECTO MATANZA - HD,514
3398,FRENTE PROGRESISTA CIVICO Y SOCIAL,UNIDAD - JF,514
3399,FRENTE PROGRESISTA CIVICO Y SOCIAL,PROGRESISTAS DE LANUS - P17,514
3400,FRENTE PROGRESISTA CIVICO Y SOCIAL,PROGRESISMO DE LOBOS - HD,514
3401,FRENTE PARA LA VICTORIA,LISTA 6 - CELESTE Y BLANCA K,501
3402,UNION CON FE,UNION CON FE - 03 - A,513
3403,UNION CON FE,UNION CON FE PAIS - B,513
3404,FRENTE PARA LA VICTORIA,LISTA 8 - CELESTE Y BLANCA K,501
3405,FRENTE PROGRESISTA CIVICO Y SOCIAL,CONTRACORRIENTE - NQ,514
3406,FRENTE PROGRESISTA CIVICO Y SOCIAL,UNIDOS POR EDUCACION Y TRABAJO - JN,514
3407,FRENTE PROGRESISTA CIVICO Y SOCIAL,ACUERDO PROGRESISTA DE QUILMES - N,514
3408,FRENTE PROGRESISTA CIVICO Y SOCIAL,FRENTE CIVICO POR QUILMES - MU,514
3409,FRENTE PROGRESISTA CIVICO Y SOCIAL,PROGRESISTAS DE QUILMES - GT,514
3410,FRENTE PROGRESISTA CIVICO Y SOCIAL,INTRANSIGENCIA Y RENOVACION - GE,514
3411,FRENTE PROGRESISTA CIVICO Y SOCIAL,UNIDAD Y RENOVACION -GX,514
3412,FRENTE PROGRESISTA CIVICO Y SOCIAL,VECINOS SOLIDARIOS SANVICENTINOS - GN,514
3413,FRENTE PROGRESISTA CIVICO Y SOCIAL,UNIDAD PARA EL DESARROLLO LOCAL - MM,514
3414,FRENTE PROGRESISTA CIVICO Y SOCIAL,CONSTRUCCION BRAGADENSE - O,514
3415,FRENTE PROGRESISTA CIVICO Y SOCIAL,UNION PROGRESISTA BRAGADO - MC,514
3416,FRENTE PROGRESISTA CIVICO Y SOCIAL,MAS DEMOCRACIA - LF,514
3417,FRENTE PROGRESISTA CIVICO Y SOCIAL,TODOS POR CHACABUCO - HP,514
3418,FRENTE PROGRESISTA CIVICO Y SOCIAL,UNION PROGRESISTA CHIVILCOY - JZ,514
3419,FRENTE PROGRESISTA CIVICO Y SOCIAL,CHIVILCOY FUTURO - MG,514
3420,FRENTE PROGRESISTA CIVICO Y SOCIAL,RENOVACION GRAL ARENALES - ND,514
3421,UNION CON FE,UCF03EZE 02 - S,513
3422,FRENTE PROGRESISTA CIVICO Y SOCIAL,UNION PROGRESISTA GRAL ARENALES - JL,514
3423,FRENTE PROGRESISTA CIVICO Y SOCIAL,ACUERDO PROGRESISTA GRAL PINTO - HE,514
3424,FRENTE PROGRESISTA CIVICO Y SOCIAL,FRENTE PROGRESISTA GRAL VIAMONTE - JU,514
3425,FRENTE PROGRESISTA CIVICO Y SOCIAL,FRENTE PROGRESISTA VILLEGUENSE - HZ,514
3426,FRENTE PROGRESISTA CIVICO Y SOCIAL,UNION PROGRESISTA GRAL VILLEGAS - GA,514
3427,FRENTE PROGRESISTA CIVICO Y SOCIAL,CONVOCATORIA POR JUNIN - MH,514
3428,FRENTE PROGRESISTA CIVICO Y SOCIAL,AHORA JUNIN - JE,514
3429,FRENTE PROGRESISTA CIVICO Y SOCIAL,MILITANCIA - GQ,514
3430,FRENTE PROGRESISTA CIVICO Y SOCIAL,ESPERANZA POR LINCOLN - NC,514
3431,FRENTE PROGRESISTA CIVICO Y SOCIAL,HONESTIDAD Y TRANSPARENCIA - JM,514
3432,FRENTE PROGRESISTA CIVICO Y SOCIAL,TODOS POR NUEVE DE JULIO - V,514
3433,FRENTE PROGRESISTA CIVICO Y SOCIAL,UNION CIVICA PROGRESISTA PEHUAJO - HB,514
3434,FRENTE PROGRESISTA CIVICO Y SOCIAL,UNIDAD TRENQUE LAUQUEN - HT,514
3435,FRENTE PROGRESISTA CIVICO Y SOCIAL,UNION PROGRESISTA AMEGHINO - JD,514
3436,FRENTE PROGRESISTA CIVICO Y SOCIAL,UNIDAD PROGRESISTA BOLIVAR - JC,514
3437,FRENTE PROGRESISTA CIVICO Y SOCIAL,PROGRESISMO BOLIVAR - GH,514
3438,FRENTE PROGRESISTA CIVICO Y SOCIAL,ACUERDO CIVICO PROGRESISTA - HJ,514
3439,FRENTE PROGRESISTA CIVICO Y SOCIAL,LISTA ROSA - NY,514
3440,FRENTE PROGRESISTA CIVICO Y SOCIAL,FRENTE AL FUTURO - GZ,514
3441,FRENTE PROGRESISTA CIVICO Y SOCIAL,ACUERDO CIVICO PROGRESISTA - MV,514
3442,FRENTE PROGRESISTA CIVICO Y SOCIAL,GESTION Y COMPROMISO 25 DE MAYO - GM,514
3443,FRENTE PROGRESISTA CIVICO Y SOCIAL,UNIDAD PROGRESISTA 25 DE MAYO - MI,514
3444,FRENTE PROGRESISTA CIVICO Y SOCIAL,BALCARCE SOÑADO - GD,514
3445,FRENTE PROGRESISTA CIVICO Y SOCIAL,FRENTE PROGRESISTA BALCARCE - GJ,514
3446,FRENTE PROGRESISTA CIVICO Y SOCIAL,RUPA - T,514
3447,FRENTE PROGRESISTA CIVICO Y SOCIAL,TRABAJO Y COMPROMISO POR DOLORES - MA,514
3448,FRENTE PROGRESISTA CIVICO Y SOCIAL,INTEGRACION - JP,514
3449,FRENTE PROGRESISTA CIVICO Y SOCIAL,PROPUESTA MARPLATENSE - JT,514
3450,FRENTE PROGRESISTA CIVICO Y SOCIAL,PARTICIPACION PROGRESISTA - ME,514
3451,FRENTE PROGRESISTA CIVICO Y SOCIAL,RENOVACION POR MONTE - GR,514
3452,FRENTE PARA LA VICTORIA,LISTA 9 - CELESTE Y BLANCA K,501
3453,FRENTE PROGRESISTA CIVICO Y SOCIAL,PROGRESISTAS POR SAN CAYETANO - LD,514
3454,FRENTE PROGRESISTA CIVICO Y SOCIAL,FRENTE POR TORDILLO - GB,514
3455,FRENTE PROGRESISTA CIVICO Y SOCIAL,PENSAR MEJOR LA COSTA - HU,514
3456,FRENTE PROGRESISTA CIVICO Y SOCIAL,UNION PROGRESISTA LEZAMA - NE,514
3457,FRENTE PROGRESISTA CIVICO Y SOCIAL,RECUPEREMOS BAHIA - E,514
3458,FRENTE PROGRESISTA CIVICO Y SOCIAL,UNIR POR BAHIA - HW,514
3459,FRENTE PROGRESISTA CIVICO Y SOCIAL,FRENTE PROGRESISTA DORREGUENSE - GV,514
3460,FRENTE PROGRESISTA CIVICO Y SOCIAL,UNION POR PRINGLES 2013 - HV,514
3461,FRENTE PROGRESISTA CIVICO Y SOCIAL,LINEA PRINGLES - HF,514
3462,FRENTE PROGRESISTA CIVICO Y SOCIAL,UNION PROGRESISTA CORONEL ROSALES - GI,514
3463,INTEGRACION VECINALISTA ROSALEÑA,LISTA BLANCA - A,351
3464,INTEGRACION VECINALISTA ROSALEÑA,ABRIL 19 - B,351
3465,FRENTE PROGRESISTA CIVICO Y SOCIAL,UNION PARA LA ACCION - GP,514
3466,FRENTE PROGRESISTA CIVICO Y SOCIAL,UNION PROGRESISTA BENITO JUAREZ - GF,514
3467,FRENTE PROGRESISTA CIVICO Y SOCIAL,CRECIMIENTO VACINAL - GY,514
3468,FRENTE PROGRESISTA CIVICO Y SOCIAL,ALTERNATIVA - NJ,514
3469,FRENTE PROGRESISTA CIVICO Y SOCIAL,UNION PROGRESISTA 3 ARROYOS - MW,514
3470,FRENTE PROGRESISTA CIVICO Y SOCIAL,MONTE HERMOSO UNIDO PROGRESISTA - Y,514
3471,FRENTE PROGRESISTA CIVICO Y SOCIAL,MAS DEMOCRACIA VILLARINO - JH,514
3472,FRENTE PROGRESISTA CIVICO Y SOCIAL,UNIDAD - NB,514
9001,ELECTORES,,9001
9002,VOTANTES,,9002
9003,VOTOS IMPUGNADOS,,9003
9004,VOTOS BLANCOS,,9004
9005,VOTOS NULOS,,9005
9006,VOTOS RECURRIDOS,,9006
9007,EMPADRONADOS,,9007
